{
  "Analysis": {
    "precision": 0.010329757647993643,
    "recall": 0.03840472673559823,
    "f1-score": 0.01628052598622417,
    "support": 677.0
  },
  "Backdoor": {
    "precision": 0.09050576752440107,
    "recall": 0.17495711835334476,
    "f1-score": 0.11929824561403508,
    "support": 583.0
  },
  "DoS": {
    "precision": 0.3232633279483037,
    "recall": 0.48936170212765956,
    "f1-score": 0.38933748419106917,
    "support": 4089.0
  },
  "Exploits": {
    "precision": 0.7118196396566362,
    "recall": 0.6778656126482213,
    "f1-score": 0.6944278286476786,
    "support": 11132.0
  },
  "Fuzzers": {
    "precision": 0.2926284437825763,
    "recall": 0.5834708017156054,
    "f1-score": 0.3897735412419417,
    "support": 6062.0
  },
  "Generic": {
    "precision": 0.9985198179924346,
    "recall": 0.9651846748979916,
    "f1-score": 0.981569303729252,
    "support": 18871.0
  },
  "Normal": {
    "precision": 0.9739219556635287,
    "recall": 0.6934324324324325,
    "f1-score": 0.810084617327608,
    "support": 37000.0
  },
  "Reconnaissance": {
    "precision": 0.8957878315132606,
    "recall": 0.8212242562929062,
    "f1-score": 0.8568870317863005,
    "support": 3496.0
  },
  "Shellcode": {
    "precision": 0.17950052029136315,
    "recall": 0.9126984126984127,
    "f1-score": 0.3,
    "support": 378.0
  },
  "Worms": {
    "precision": 0.2653061224489796,
    "recall": 0.5909090909090909,
    "f1-score": 0.36619718309859156,
    "support": 44.0
  },
  "accuracy": 0.7327041733469368,
  "macro avg": {
    "precision": 0.4741583184469477,
    "recall": 0.5947508828811263,
    "f1-score": 0.49238557616227013,
    "support": 82332.0
  },
  "weighted avg": {
    "precision": 0.8401211009225663,
    "recall": 0.7327041733469368,
    "f1-score": 0.7698982955914468,
    "support": 82332.0
  }
}