{
  "Analysis": {
    "precision": 0.000536480686695279,
    "recall": 0.0014771048744460858,
    "f1-score": 0.0007870916961826052,
    "support": 677.0
  },
  "Backdoor": {
    "precision": 0.05438311688311688,
    "recall": 0.22984562607204118,
    "f1-score": 0.08795536593370529,
    "support": 583.0
  },
  "DoS": {
    "precision": 0.3113687207646939,
    "recall": 0.3744191733920274,
    "f1-score": 0.3399955585165445,
    "support": 4089.0
  },
  "Exploits": {
    "precision": 0.6871543264942016,
    "recall": 0.6919690980955803,
    "f1-score": 0.6895533076716498,
    "support": 11132.0
  },
  "Fuzzers": {
    "precision": 0.2891492524263356,
    "recall": 0.5455295282085121,
    "f1-score": 0.37796445511172067,
    "support": 6062.0
  },
  "Generic": {
    "precision": 0.9960797125122509,
    "recall": 0.9694239838906258,
    "f1-score": 0.982571098638451,
    "support": 18871.0
  },
  "Normal": {
    "precision": 0.9689790479010884,
    "recall": 0.7074594594594594,
    "f1-score": 0.8178211016340176,
    "support": 37000.0
  },
  "Reconnaissance": {
    "precision": 0.9029827315541601,
    "recall": 0.8226544622425629,
    "f1-score": 0.8609489597365664,
    "support": 3496.0
  },
  "Shellcode": {
    "precision": 0.20149683362118595,
    "recall": 0.9259259259259259,
    "f1-score": 0.3309692671394799,
    "support": 378.0
  },
  "Worms": {
    "precision": 0.2608695652173913,
    "recall": 0.8181818181818182,
    "f1-score": 0.3956043956043956,
    "support": 44.0
  },
  "accuracy": 0.7337122868386533,
  "macro avg": {
    "precision": 0.467299978806112,
    "recall": 0.6086886180342999,
    "f1-score": 0.48841706016827136,
    "support": 82332.0
  },
  "weighted avg": {
    "precision": 0.8332264089924594,
    "recall": 0.7337122868386533,
    "f1-score": 0.7696066065268558,
    "support": 82332.0
  }
}