{
  "run_name": "exp09_direct_long",
  "backbone": "fttransformer",
  "model": "ContrastiveFTTransformer",
  "n_features": 25,
  "n_classes": 10,
  "loss": "cb_focal",
  "accuracy": 0.7337122868386533,
  "macro_f1": 0.48841706016827136,
  "per_class_f1": {
    "Analysis": 0.0007870916961826052,
    "Backdoor": 0.08795536593370529,
    "DoS": 0.3399955585165445,
    "Exploits": 0.6895533076716498,
    "Fuzzers": 0.37796445511172067,
    "Generic": 0.982571098638451,
    "Normal": 0.8178211016340176,
    "Reconnaissance": 0.8609489597365664,
    "Shellcode": 0.3309692671394799,
    "Worms": 0.3956043956043956
  },
  "training_time_seconds": 5628.6,
  "config": {
    "contrastive": true,
    "backbone": "fttransformer",
    "d_model": 128,
    "n_layers": 4,
    "n_heads": 8,
    "attn_dropout": 0.1,
    "embed_dim": 128,
    "contrastive_epochs": 0,
    "contrastive_lr": 0.0005,
    "contrastive_patience": 15,
    "contrastive_min_epochs": 20,
    "n_per_class": 8,
    "temperature": 0.07,
    "classifier_epochs": 200,
    "classifier_lr": 0.0005,
    "classifier_patience": 30,
    "classifier_min_epochs": 80,
    "finetune_epochs": 0,
    "finetune_lr": 0.0005,
    "finetune_patience": 15,
    "finetune_min_epochs": 15,
    "weight_decay": 0.0001,
    "threshold_calibration": false,
    "aug_mode": "none"
  }
}