{
  "Analysis": {
    "precision": 0.40668523676880225,
    "recall": 0.27289719626168224,
    "f1-score": 0.32662192393736017,
    "support": 535.0
  },
  "Backdoor": {
    "precision": 0.15644171779141106,
    "recall": 0.21888412017167383,
    "f1-score": 0.18246869409660108,
    "support": 466.0
  },
  "DoS": {
    "precision": 0.3664218258132214,
    "recall": 0.5337817181290125,
    "f1-score": 0.4345445495271279,
    "support": 3271.0
  },
  "Exploits": {
    "precision": 0.7381238003838771,
    "recall": 0.6909601347557552,
    "f1-score": 0.7137637028014616,
    "support": 8905.0
  },
  "Fuzzers": {
    "precision": 0.9054172127566623,
    "recall": 0.8548154258610022,
    "f1-score": 0.8793889890739366,
    "support": 4849.0
  },
  "Generic": {
    "precision": 0.996629213483146,
    "recall": 0.9757,
    "f1-score": 0.9860535624052552,
    "support": 10000.0
  },
  "Normal": {
    "precision": 0.9997973144160122,
    "recall": 0.98655,
    "f1-score": 0.993129482823707,
    "support": 20000.0
  },
  "Reconnaissance": {
    "precision": 0.9014492753623189,
    "recall": 0.7780557541100787,
    "f1-score": 0.8352196431996931,
    "support": 2798.0
  },
  "Shellcode": {
    "precision": 0.5140997830802603,
    "recall": 0.7847682119205298,
    "f1-score": 0.6212319790301442,
    "support": 302.0
  },
  "Worms": {
    "precision": 0.34285714285714286,
    "recall": 0.6857142857142857,
    "f1-score": 0.45714285714285713,
    "support": 35.0
  },
  "accuracy": 0.8642911592814839,
  "macro avg": {
    "precision": 0.6327922522712853,
    "recall": 0.678212684692402,
    "f1-score": 0.6429565384038144,
    "support": 51161.0
  },
  "weighted avg": {
    "precision": 0.8816120945950695,
    "recall": 0.8642911592814839,
    "f1-score": 0.8710751010260123,
    "support": 51161.0
  }
}