{
  "before_contrastive": -0.012583226896822453,
  "after_contrastive": 0.6092362403869629,
  "after_finetuning": 0.6102607250213623
}