{
  "run_name": "exp15_final",
  "backbone": "fttransformer",
  "model": "ContrastiveFTTransformer",
  "n_features": 25,
  "n_classes": 10,
  "loss": "cb_focal",
  "accuracy": 0.8642911592814839,
  "macro_f1": 0.6429565384038144,
  "per_class_f1": {
    "Analysis": 0.32662192393736017,
    "Backdoor": 0.18246869409660108,
    "DoS": 0.4345445495271279,
    "Exploits": 0.7137637028014616,
    "Fuzzers": 0.8793889890739366,
    "Generic": 0.9860535624052552,
    "Normal": 0.993129482823707,
    "Reconnaissance": 0.8352196431996931,
    "Shellcode": 0.6212319790301442,
    "Worms": 0.45714285714285713
  },
  "training_time_seconds": 5376.6,
  "config": {
    "contrastive": true,
    "backbone": "fttransformer",
    "d_model": 128,
    "n_layers": 4,
    "n_heads": 8,
    "attn_dropout": 0.1,
    "embed_dim": 128,
    "contrastive_epochs": 150,
    "contrastive_lr": 0.0003,
    "contrastive_patience": 30,
    "contrastive_min_epochs": 50,
    "n_per_class": 16,
    "temperature": 0.15,
    "classifier_epochs": 150,
    "classifier_lr": 0.0005,
    "classifier_patience": 25,
    "classifier_min_epochs": 40,
    "finetune_epochs": 150,
    "finetune_lr": 5e-05,
    "finetune_patience": 35,
    "finetune_min_epochs": 60,
    "weight_decay": 0.0001,
    "threshold_calibration": false,
    "aug_mode": "none",
    "mask_ratio": 0.3
  }
}