{
  "Analysis": {
    "precision": 0.02973977695167286,
    "recall": 0.14180206794682423,
    "f1-score": 0.04916773367477593,
    "support": 677.0
  },
  "Backdoor": {
    "precision": 0.23717948717948717,
    "recall": 0.0634648370497427,
    "f1-score": 0.10013531799729364,
    "support": 583.0
  },
  "DoS": {
    "precision": 0.2857142857142857,
    "recall": 0.07385668867693812,
    "f1-score": 0.1173727166731442,
    "support": 4089.0
  },
  "Exploits": {
    "precision": 0.5579730254759394,
    "recall": 0.9030722242184693,
    "f1-score": 0.6897663727743661,
    "support": 11132.0
  },
  "Fuzzers": {
    "precision": 0.2706210852011169,
    "recall": 0.5915539425932036,
    "f1-score": 0.3713560813959509,
    "support": 6062.0
  },
  "Generic": {
    "precision": 0.999944909651829,
    "recall": 0.9618462190662922,
    "f1-score": 0.9805256192096805,
    "support": 18871.0
  },
  "Normal": {
    "precision": 0.9906829748809719,
    "recall": 0.6523513513513514,
    "f1-score": 0.7866827455837299,
    "support": 37000.0
  },
  "Reconnaissance": {
    "precision": 0.9482446615997104,
    "recall": 0.7494279176201373,
    "f1-score": 0.8371944400063908,
    "support": 3496.0
  },
  "Shellcode": {
    "precision": 0.2315112540192926,
    "recall": 0.7619047619047619,
    "f1-score": 0.35511713933415534,
    "support": 378.0
  },
  "Worms": {
    "precision": 0.23,
    "recall": 0.5227272727272727,
    "f1-score": 0.3194444444444444,
    "support": 44.0
  },
  "accuracy": 0.7201695574017393,
  "macro avg": {
    "precision": 0.47816114606743065,
    "recall": 0.5422007283154994,
    "f1-score": 0.46067626110939325,
    "support": 82332.0
  },
  "weighted avg": {
    "precision": 0.8273390780498769,
    "recall": 0.7201695574017393,
    "f1-score": 0.7431754901484638,
    "support": 82332.0
  }
}