{
  "run_name": "exp01_baseline",
  "backbone": "fttransformer",
  "model": "ContrastiveFTTransformer",
  "n_features": 25,
  "n_classes": 10,
  "loss": "cb_focal",
  "accuracy": 0.7201695574017393,
  "macro_f1": 0.46067626110939325,
  "per_class_f1": {
    "Analysis": 0.04916773367477593,
    "Backdoor": 0.10013531799729364,
    "DoS": 0.1173727166731442,
    "Exploits": 0.6897663727743661,
    "Fuzzers": 0.3713560813959509,
    "Generic": 0.9805256192096805,
    "Normal": 0.7866827455837299,
    "Reconnaissance": 0.8371944400063908,
    "Shellcode": 0.35511713933415534,
    "Worms": 0.3194444444444444
  },
  "training_time_seconds": 1904.8,
  "config": {
    "contrastive": true,
    "backbone": "fttransformer",
    "d_model": 64,
    "n_layers": 2,
    "n_heads": 4,
    "attn_dropout": 0.1,
    "embed_dim": 128,
    "contrastive_epochs": 100,
    "contrastive_lr": 0.0005,
    "contrastive_patience": 15,
    "contrastive_min_epochs": 20,
    "n_per_class": 8,
    "temperature": 0.07,
    "classifier_epochs": 60,
    "classifier_lr": 0.001,
    "classifier_patience": 15,
    "classifier_min_epochs": 15,
    "finetune_epochs": 60,
    "finetune_lr": 0.0005,
    "finetune_patience": 15,
    "finetune_min_epochs": 15,
    "weight_decay": 0.0001,
    "threshold_calibration": true,
    "aug_mode": "none"
  }
}