{
  "Analysis": {
    "precision": 0.25650557620817843,
    "recall": 0.38691588785046727,
    "f1-score": 0.30849478390462,
    "support": 535.0
  },
  "Backdoor": {
    "precision": 0.2824858757062147,
    "recall": 0.1072961373390558,
    "f1-score": 0.15552099533437014,
    "support": 466.0
  },
  "DoS": {
    "precision": 0.40616500453309157,
    "recall": 0.2739223479058392,
    "f1-score": 0.3271864159211247,
    "support": 3271.0
  },
  "Exploits": {
    "precision": 0.6544004117344313,
    "recall": 0.8567097136440203,
    "f1-score": 0.7420123522832272,
    "support": 8905.0
  },
  "Fuzzers": {
    "precision": 0.92110632509635,
    "recall": 0.8379047226232212,
    "f1-score": 0.8775377969762419,
    "support": 4849.0
  },
  "Generic": {
    "precision": 0.9996919601601807,
    "recall": 0.9736,
    "f1-score": 0.9864734788996403,
    "support": 10000.0
  },
  "Normal": {
    "precision": 1.0,
    "recall": 0.9865,
    "f1-score": 0.9932041278630758,
    "support": 20000.0
  },
  "Reconnaissance": {
    "precision": 0.9866666666666667,
    "recall": 0.6876340243030736,
    "f1-score": 0.81044650379107,
    "support": 2798.0
  },
  "Shellcode": {
    "precision": 0.5215419501133787,
    "recall": 0.7615894039735099,
    "f1-score": 0.6191117092866757,
    "support": 302.0
  },
  "Worms": {
    "precision": 0.5476190476190477,
    "recall": 0.6571428571428571,
    "f1-score": 0.5974025974025974,
    "support": 35.0
  },
  "accuracy": 0.869568616719767,
  "macro avg": {
    "precision": 0.6576182817837539,
    "recall": 0.6529215094782044,
    "f1-score": 0.6417390761662644,
    "support": 51161.0
  },
  "weighted avg": {
    "precision": 0.8761673958406124,
    "recall": 0.869568616719767,
    "f1-score": 0.8673574114128285,
    "support": 51161.0
  }
}