{
  "Analysis": {
    "precision": 0.2729044834307992,
    "recall": 0.2616822429906542,
    "f1-score": 0.26717557251908397,
    "support": 535.0
  },
  "Backdoor": {
    "precision": 0.07602339181286549,
    "recall": 0.27896995708154504,
    "f1-score": 0.11948529411764706,
    "support": 466.0
  },
  "DoS": {
    "precision": 0.35490973139586085,
    "recall": 0.49281565270559463,
    "f1-score": 0.41264559068219636,
    "support": 3271.0
  },
  "Exploits": {
    "precision": 0.7651296829971181,
    "recall": 0.596294216732173,
    "f1-score": 0.6702429788576838,
    "support": 8905.0
  },
  "Fuzzers": {
    "precision": 0.7108639863130881,
    "recall": 0.8568777067436585,
    "f1-score": 0.777071254909295,
    "support": 4849.0
  },
  "Generic": {
    "precision": 0.9973305954825462,
    "recall": 0.9714,
    "f1-score": 0.98419452887538,
    "support": 10000.0
  },
  "Normal": {
    "precision": 0.9998477775522631,
    "recall": 0.98525,
    "f1-score": 0.992495215070011,
    "support": 20000.0
  },
  "Reconnaissance": {
    "precision": 0.8426892950391645,
    "recall": 0.4614010007147963,
    "f1-score": 0.5963048498845266,
    "support": 2798.0
  },
  "Shellcode": {
    "precision": 0.3689095127610209,
    "recall": 0.5264900662251656,
    "f1-score": 0.43383356070941337,
    "support": 302.0
  },
  "Worms": {
    "precision": 0.09,
    "recall": 0.5142857142857142,
    "f1-score": 0.15319148936170213,
    "support": 35.0
  },
  "accuracy": 0.8255116201794336,
  "macro avg": {
    "precision": 0.5478608456784726,
    "recall": 0.5945466557479302,
    "f1-score": 0.5406640334986939,
    "support": 51161.0
  },
  "weighted avg": {
    "precision": 0.8609187985688666,
    "recall": 0.8255116201794336,
    "f1-score": 0.8362151843172274,
    "support": 51161.0
  }
}