{
  "run_name": "exp20_cnn_direct",
  "backbone": "cnn",
  "model": "ContrastiveCNN",
  "n_features": 25,
  "n_classes": 10,
  "loss": "cb_focal",
  "accuracy": 0.8255116201794336,
  "macro_f1": 0.5406640334986939,
  "per_class_f1": {
    "Analysis": 0.26717557251908397,
    "Backdoor": 0.11948529411764706,
    "DoS": 0.41264559068219636,
    "Exploits": 0.6702429788576838,
    "Fuzzers": 0.777071254909295,
    "Generic": 0.98419452887538,
    "Normal": 0.992495215070011,
    "Reconnaissance": 0.5963048498845266,
    "Shellcode": 0.43383356070941337,
    "Worms": 0.15319148936170213
  },
  "training_time_seconds": 574.4,
  "config": {
    "contrastive": true,
    "backbone": "cnn",
    "d_model": 64,
    "n_layers": 2,
    "n_heads": 4,
    "attn_dropout": 0.1,
    "embed_dim": 128,
    "contrastive_epochs": 0,
    "contrastive_lr": 0.0005,
    "contrastive_patience": 15,
    "contrastive_min_epochs": 20,
    "n_per_class": 8,
    "temperature": 0.07,
    "classifier_epochs": 150,
    "classifier_lr": 0.0005,
    "classifier_patience": 25,
    "classifier_min_epochs": 40,
    "finetune_epochs": 150,
    "finetune_lr": 5e-05,
    "finetune_patience": 35,
    "finetune_min_epochs": 60,
    "weight_decay": 0.0001,
    "threshold_calibration": false,
    "aug_mode": "none"
  }
}