{
  "Analysis": {
    "precision": 0.011931394481730051,
    "recall": 0.047267355982274745,
    "f1-score": 0.019053289669544508,
    "support": 677.0
  },
  "Backdoor": {
    "precision": 0.063875088715401,
    "recall": 0.9262435677530018,
    "f1-score": 0.11950868651101029,
    "support": 583.0
  },
  "DoS": {
    "precision": 0.3552278820375335,
    "recall": 0.12961604304230864,
    "f1-score": 0.1899301200501702,
    "support": 4089.0
  },
  "Exploits": {
    "precision": 0.797172236503856,
    "recall": 0.5571325907294287,
    "f1-score": 0.6558798646362098,
    "support": 11132.0
  },
  "Fuzzers": {
    "precision": 0.23900338357428483,
    "recall": 0.640877598152425,
    "f1-score": 0.3481650759510687,
    "support": 6062.0
  },
  "Generic": {
    "precision": 0.9986821152050959,
    "recall": 0.9637539081129776,
    "f1-score": 0.9809071786850763,
    "support": 18871.0
  },
  "Normal": {
    "precision": 0.9967351818641652,
    "recall": 0.5858378378378378,
    "f1-score": 0.7379440652288628,
    "support": 37000.0
  },
  "Reconnaissance": {
    "precision": 0.8256752993595099,
    "recall": 0.8481121281464531,
    "f1-score": 0.8367433328629885,
    "support": 3496.0
  },
  "Shellcode": {
    "precision": 0.16658500734933857,
    "recall": 0.8994708994708994,
    "f1-score": 0.28110789582472095,
    "support": 378.0
  },
  "Worms": {
    "precision": 0.3037974683544304,
    "recall": 0.5454545454545454,
    "f1-score": 0.3902439024390244,
    "support": 44.0
  },
  "accuracy": 0.6605086722052179,
  "macro avg": {
    "precision": 0.47586850574453454,
    "recall": 0.6143766474682153,
    "f1-score": 0.4559483411858677,
    "support": 82332.0
  },
  "weighted avg": {
    "precision": 0.8563988774884722,
    "recall": 0.6605086722052179,
    "f1-score": 0.7182425088206904,
    "support": 82332.0
  }
}