{
  "run_name": "exp05_sqrt_sampler",
  "backbone": "fttransformer",
  "model": "ContrastiveFTTransformer",
  "n_features": 25,
  "n_classes": 10,
  "loss": "cb_focal",
  "accuracy": 0.6605086722052179,
  "macro_f1": 0.4559483411858677,
  "per_class_f1": {
    "Analysis": 0.019053289669544508,
    "Backdoor": 0.11950868651101029,
    "DoS": 0.1899301200501702,
    "Exploits": 0.6558798646362098,
    "Fuzzers": 0.3481650759510687,
    "Generic": 0.9809071786850763,
    "Normal": 0.7379440652288628,
    "Reconnaissance": 0.8367433328629885,
    "Shellcode": 0.28110789582472095,
    "Worms": 0.3902439024390244
  },
  "training_time_seconds": 4495.5,
  "config": {
    "contrastive": true,
    "backbone": "fttransformer",
    "d_model": 128,
    "n_layers": 4,
    "n_heads": 8,
    "attn_dropout": 0.1,
    "embed_dim": 128,
    "contrastive_epochs": 100,
    "contrastive_lr": 0.0003,
    "contrastive_patience": 25,
    "contrastive_min_epochs": 40,
    "n_per_class": 16,
    "temperature": 0.07,
    "classifier_epochs": 60,
    "classifier_lr": 0.001,
    "classifier_patience": 20,
    "classifier_min_epochs": 20,
    "finetune_epochs": 60,
    "finetune_lr": 0.0001,
    "finetune_patience": 20,
    "finetune_min_epochs": 20,
    "weight_decay": 0.0001,
    "threshold_calibration": false,
    "aug_mode": "none"
  }
}