{
  "Analysis": {
    "precision": 0.4198250728862974,
    "recall": 0.2691588785046729,
    "f1-score": 0.32801822323462415,
    "support": 535.0
  },
  "Backdoor": {
    "precision": 0.15658914728682172,
    "recall": 0.2167381974248927,
    "f1-score": 0.18181818181818182,
    "support": 466.0
  },
  "DoS": {
    "precision": 0.38064516129032255,
    "recall": 0.5411189238764904,
    "f1-score": 0.44691326852670116,
    "support": 3271.0
  },
  "Exploits": {
    "precision": 0.7436874702239161,
    "recall": 0.701179112857945,
    "f1-score": 0.7218079879775735,
    "support": 8905.0
  },
  "Fuzzers": {
    "precision": 0.9160916981971956,
    "recall": 0.8488348113012992,
    "f1-score": 0.8811817597944765,
    "support": 4849.0
  },
  "Generic": {
    "precision": 0.9968338269839648,
    "recall": 0.976,
    "f1-score": 0.9863069071800313,
    "support": 10000.0
  },
  "Normal": {
    "precision": 0.9998479858120091,
    "recall": 0.9866,
    "f1-score": 0.993179816282874,
    "support": 20000.0
  },
  "Reconnaissance": {
    "precision": 0.9020090200902009,
    "recall": 0.7862759113652609,
    "f1-score": 0.8401756730952835,
    "support": 2798.0
  },
  "Shellcode": {
    "precision": 0.45826235093696766,
    "recall": 0.890728476821192,
    "f1-score": 0.6051743532058492,
    "support": 302.0
  },
  "Worms": {
    "precision": 0.3170731707317073,
    "recall": 0.7428571428571429,
    "f1-score": 0.4444444444444444,
    "support": 35.0
  },
  "accuracy": 0.8671058032485682,
  "macro avg": {
    "precision": 0.6290864904439404,
    "recall": 0.6959491455008895,
    "f1-score": 0.6429020615560039,
    "support": 51161.0
  },
  "weighted avg": {
    "precision": 0.8843835120768443,
    "recall": 0.8671058032485682,
    "f1-score": 0.8736814360683813,
    "support": 51161.0
  }
}