{
  "run_name": "exp10_capped",
  "backbone": "fttransformer",
  "model": "ContrastiveFTTransformer",
  "n_features": 25,
  "n_classes": 10,
  "loss": "cb_focal",
  "accuracy": 0.8671058032485682,
  "macro_f1": 0.6429020615560039,
  "per_class_f1": {
    "Analysis": 0.32801822323462415,
    "Backdoor": 0.18181818181818182,
    "DoS": 0.44691326852670116,
    "Exploits": 0.7218079879775735,
    "Fuzzers": 0.8811817597944765,
    "Generic": 0.9863069071800313,
    "Normal": 0.993179816282874,
    "Reconnaissance": 0.8401756730952835,
    "Shellcode": 0.6051743532058492,
    "Worms": 0.4444444444444444
  },
  "training_time_seconds": 5294.2,
  "config": {
    "contrastive": true,
    "backbone": "fttransformer",
    "d_model": 128,
    "n_layers": 4,
    "n_heads": 8,
    "attn_dropout": 0.1,
    "embed_dim": 128,
    "contrastive_epochs": 0,
    "contrastive_lr": 0.0005,
    "contrastive_patience": 15,
    "contrastive_min_epochs": 20,
    "n_per_class": 8,
    "temperature": 0.07,
    "classifier_epochs": 200,
    "classifier_lr": 0.0005,
    "classifier_patience": 30,
    "classifier_min_epochs": 80,
    "finetune_epochs": 0,
    "finetune_lr": 0.0005,
    "finetune_patience": 15,
    "finetune_min_epochs": 15,
    "weight_decay": 0.0001,
    "threshold_calibration": false,
    "aug_mode": "none"
  }
}