{
  "Analysis": {
    "precision": 0.43234323432343236,
    "recall": 0.24485981308411214,
    "f1-score": 0.3126491646778043,
    "support": 535.0
  },
  "Backdoor": {
    "precision": 0.15552099533437014,
    "recall": 0.2145922746781116,
    "f1-score": 0.18034265103697025,
    "support": 466.0
  },
  "DoS": {
    "precision": 0.3732394366197183,
    "recall": 0.5671048608988077,
    "f1-score": 0.45018808397039195,
    "support": 3271.0
  },
  "Exploits": {
    "precision": 0.7509905894006934,
    "recall": 0.6810780460415496,
    "f1-score": 0.7143277781049409,
    "support": 8905.0
  },
  "Fuzzers": {
    "precision": 0.904288240495137,
    "recall": 0.8436791090946587,
    "f1-score": 0.8729328923503681,
    "support": 4849.0
  },
  "Generic": {
    "precision": 0.9955156950672646,
    "recall": 0.9768,
    "f1-score": 0.9860690490611751,
    "support": 10000.0
  },
  "Normal": {
    "precision": 0.9997972733262379,
    "recall": 0.98635,
    "f1-score": 0.9930281140671012,
    "support": 20000.0
  },
  "Reconnaissance": {
    "precision": 0.893030794165316,
    "recall": 0.7877055039313795,
    "f1-score": 0.8370679832890239,
    "support": 2798.0
  },
  "Shellcode": {
    "precision": 0.44815465729349735,
    "recall": 0.8443708609271523,
    "f1-score": 0.5855338691159586,
    "support": 302.0
  },
  "Worms": {
    "precision": 0.38461538461538464,
    "recall": 0.7142857142857143,
    "f1-score": 0.5,
    "support": 35.0
  },
  "accuracy": 0.8643497976974649,
  "macro avg": {
    "precision": 0.6337496300641052,
    "recall": 0.6860826182941486,
    "f1-score": 0.6432139585673734,
    "support": 51161.0
  },
  "weighted avg": {
    "precision": 0.8834016988014735,
    "recall": 0.8643497976974649,
    "f1-score": 0.8712791555648624,
    "support": 51161.0
  }
}