{
  "Analysis": {
    "precision": 0.3270042194092827,
    "recall": 0.2897196261682243,
    "f1-score": 0.3072348860257681,
    "support": 535.0
  },
  "Backdoor": {
    "precision": 0.07421875,
    "recall": 0.3261802575107296,
    "f1-score": 0.12092283214001591,
    "support": 466.0
  },
  "DoS": {
    "precision": 0.3528758605374195,
    "recall": 0.4857841638642617,
    "f1-score": 0.40879855930023157,
    "support": 3271.0
  },
  "Exploits": {
    "precision": 0.7291836181177109,
    "recall": 0.6038180797304885,
    "f1-score": 0.6606056883100928,
    "support": 8905.0
  },
  "Fuzzers": {
    "precision": 0.7336036671368125,
    "recall": 0.8581150752732523,
    "f1-score": 0.7909894496720844,
    "support": 4849.0
  },
  "Generic": {
    "precision": 0.9946688538035677,
    "recall": 0.9702,
    "f1-score": 0.9822820694542878,
    "support": 10000.0
  },
  "Normal": {
    "precision": 0.9995433326567891,
    "recall": 0.98495,
    "f1-score": 0.9921930089654478,
    "support": 20000.0
  },
  "Reconnaissance": {
    "precision": 0.8357348703170029,
    "recall": 0.4145818441744103,
    "f1-score": 0.5542283803153368,
    "support": 2798.0
  },
  "Shellcode": {
    "precision": 0.5209580838323353,
    "recall": 0.28807947019867547,
    "f1-score": 0.37100213219616207,
    "support": 302.0
  },
  "Worms": {
    "precision": 0.136986301369863,
    "recall": 0.2857142857142857,
    "f1-score": 0.18518518518518517,
    "support": 35.0
  },
  "accuracy": 0.8227360684896698,
  "macro avg": {
    "precision": 0.5704777557180783,
    "recall": 0.5507142802634327,
    "f1-score": 0.5373442191564612,
    "support": 51161.0
  },
  "weighted avg": {
    "precision": 0.8571466479578239,
    "recall": 0.8227360684896698,
    "f1-score": 0.8329008091028766,
    "support": 51161.0
  }
}