{
  "run_name": "exp17_cnn_contrastive",
  "backbone": "cnn",
  "model": "ContrastiveCNN",
  "n_features": 25,
  "n_classes": 10,
  "loss": "cb_focal",
  "accuracy": 0.8227360684896698,
  "macro_f1": 0.5373442191564612,
  "per_class_f1": {
    "Analysis": 0.3072348860257681,
    "Backdoor": 0.12092283214001591,
    "DoS": 0.40879855930023157,
    "Exploits": 0.6606056883100928,
    "Fuzzers": 0.7909894496720844,
    "Generic": 0.9822820694542878,
    "Normal": 0.9921930089654478,
    "Reconnaissance": 0.5542283803153368,
    "Shellcode": 0.37100213219616207,
    "Worms": 0.18518518518518517
  },
  "training_time_seconds": 1915.1,
  "config": {
    "contrastive": true,
    "backbone": "cnn",
    "d_model": 64,
    "n_layers": 2,
    "n_heads": 4,
    "attn_dropout": 0.1,
    "embed_dim": 128,
    "contrastive_epochs": 150,
    "contrastive_lr": 0.0003,
    "contrastive_patience": 30,
    "contrastive_min_epochs": 50,
    "n_per_class": 16,
    "temperature": 0.15,
    "classifier_epochs": 150,
    "classifier_lr": 0.0005,
    "classifier_patience": 25,
    "classifier_min_epochs": 40,
    "finetune_epochs": 150,
    "finetune_lr": 5e-05,
    "finetune_patience": 35,
    "finetune_min_epochs": 60,
    "weight_decay": 0.0001,
    "threshold_calibration": false,
    "aug_mode": "none"
  }
}