{
  "Analysis": {
    "precision": 0.3553921568627451,
    "recall": 0.27102803738317754,
    "f1-score": 0.3075291622481442,
    "support": 535.0
  },
  "Backdoor": {
    "precision": 0.11287758346581876,
    "recall": 0.15236051502145923,
    "f1-score": 0.12968036529680366,
    "support": 466.0
  },
  "DoS": {
    "precision": 0.3607085346215781,
    "recall": 0.5478446958116784,
    "f1-score": 0.43500424808836025,
    "support": 3271.0
  },
  "Exploits": {
    "precision": 0.7472843051566987,
    "recall": 0.6720943290286356,
    "f1-score": 0.7076977651649521,
    "support": 8905.0
  },
  "Fuzzers": {
    "precision": 0.8971068087883403,
    "recall": 0.8504846360074242,
    "f1-score": 0.8731738301926741,
    "support": 4849.0
  },
  "Generic": {
    "precision": 0.9968341503267973,
    "recall": 0.9761,
    "f1-score": 0.9863581244947454,
    "support": 10000.0
  },
  "Normal": {
    "precision": 0.9998479627001824,
    "recall": 0.98645,
    "f1-score": 0.9931037954293769,
    "support": 20000.0
  },
  "Reconnaissance": {
    "precision": 0.8901897456600727,
    "recall": 0.7880629020729092,
    "f1-score": 0.8360189573459715,
    "support": 2798.0
  },
  "Shellcode": {
    "precision": 0.48185483870967744,
    "recall": 0.7913907284768212,
    "f1-score": 0.5989974937343359,
    "support": 302.0
  },
  "Worms": {
    "precision": 0.4339622641509434,
    "recall": 0.6571428571428571,
    "f1-score": 0.5227272727272727,
    "support": 35.0
  },
  "accuracy": 0.8614765153143996,
  "macro avg": {
    "precision": 0.6276058350442854,
    "recall": 0.6692958700944962,
    "f1-score": 0.6390291014722637,
    "support": 51161.0
  },
  "weighted avg": {
    "precision": 0.8804364952593383,
    "recall": 0.8614765153143996,
    "f1-score": 0.8687859393438071,
    "support": 51161.0
  }
}