{
  "run_name": "exp16_bilstm_contrastive",
  "backbone": "bilstm",
  "model": "ContrastiveBiLSTM",
  "n_features": 25,
  "n_classes": 10,
  "loss": "cb_focal",
  "accuracy": 0.8614765153143996,
  "macro_f1": 0.6390291014722637,
  "per_class_f1": {
    "Analysis": 0.3075291622481442,
    "Backdoor": 0.12968036529680366,
    "DoS": 0.43500424808836025,
    "Exploits": 0.7076977651649521,
    "Fuzzers": 0.8731738301926741,
    "Generic": 0.9863581244947454,
    "Normal": 0.9931037954293769,
    "Reconnaissance": 0.8360189573459715,
    "Shellcode": 0.5989974937343359,
    "Worms": 0.5227272727272727
  },
  "training_time_seconds": 2945.3,
  "config": {
    "contrastive": true,
    "backbone": "bilstm",
    "d_model": 64,
    "n_layers": 2,
    "n_heads": 4,
    "attn_dropout": 0.1,
    "embed_dim": 128,
    "contrastive_epochs": 150,
    "contrastive_lr": 0.0003,
    "contrastive_patience": 30,
    "contrastive_min_epochs": 50,
    "n_per_class": 16,
    "temperature": 0.15,
    "classifier_epochs": 150,
    "classifier_lr": 0.0005,
    "classifier_patience": 25,
    "classifier_min_epochs": 40,
    "finetune_epochs": 150,
    "finetune_lr": 5e-05,
    "finetune_patience": 35,
    "finetune_min_epochs": 60,
    "weight_decay": 0.0001,
    "threshold_calibration": false,
    "aug_mode": "none"
  }
}