{
  "Analysis": {
    "precision": 0.016748768472906402,
    "recall": 0.07533234859675036,
    "f1-score": 0.027404621171413217,
    "support": 677.0
  },
  "Backdoor": {
    "precision": 0.06501934356670411,
    "recall": 0.8936535162950258,
    "f1-score": 0.12121917170777105,
    "support": 583.0
  },
  "DoS": {
    "precision": 0.318475073313783,
    "recall": 0.13279530447542187,
    "f1-score": 0.1874352778736624,
    "support": 4089.0
  },
  "Exploits": {
    "precision": 0.7821292775665399,
    "recall": 0.5543478260869565,
    "f1-score": 0.6488276732204815,
    "support": 11132.0
  },
  "Fuzzers": {
    "precision": 0.23999493414387033,
    "recall": 0.6252062025734081,
    "f1-score": 0.3468472590830054,
    "support": 6062.0
  },
  "Generic": {
    "precision": 0.9992850071499285,
    "recall": 0.9628000635896349,
    "f1-score": 0.9807033168704289,
    "support": 18871.0
  },
  "Normal": {
    "precision": 0.9917344294522384,
    "recall": 0.5999189189189189,
    "f1-score": 0.7476002829140144,
    "support": 37000.0
  },
  "Reconnaissance": {
    "precision": 0.8270676691729323,
    "recall": 0.8495423340961098,
    "f1-score": 0.8381543671511218,
    "support": 3496.0
  },
  "Shellcode": {
    "precision": 0.19890842935112188,
    "recall": 0.8677248677248677,
    "f1-score": 0.3236309817464233,
    "support": 378.0
  },
  "Worms": {
    "precision": 0.3132530120481928,
    "recall": 0.5909090909090909,
    "f1-score": 0.4094488188976378,
    "support": 44.0
  },
  "accuracy": 0.6651848612933003,
  "macro avg": {
    "precision": 0.47526159442382176,
    "recall": 0.6152230473266185,
    "f1-score": 0.46312717706359596,
    "support": 82332.0
  },
  "weighted avg": {
    "precision": 0.850763767756146,
    "recall": 0.6651848612933003,
    "f1-score": 0.721707027484915,
    "support": 82332.0
  }
}