{
  "run_name": "exp04_softcon",
  "backbone": "fttransformer",
  "model": "ContrastiveFTTransformer",
  "n_features": 25,
  "n_classes": 10,
  "loss": "cb_focal",
  "accuracy": 0.6651848612933003,
  "macro_f1": 0.46312717706359596,
  "per_class_f1": {
    "Analysis": 0.027404621171413217,
    "Backdoor": 0.12121917170777105,
    "DoS": 0.1874352778736624,
    "Exploits": 0.6488276732204815,
    "Fuzzers": 0.3468472590830054,
    "Generic": 0.9807033168704289,
    "Normal": 0.7476002829140144,
    "Reconnaissance": 0.8381543671511218,
    "Shellcode": 0.3236309817464233,
    "Worms": 0.4094488188976378
  },
  "training_time_seconds": 7012.1,
  "config": {
    "contrastive": true,
    "backbone": "fttransformer",
    "d_model": 128,
    "n_layers": 4,
    "n_heads": 8,
    "attn_dropout": 0.1,
    "embed_dim": 128,
    "contrastive_epochs": 150,
    "contrastive_lr": 0.0001,
    "contrastive_patience": 40,
    "contrastive_min_epochs": 60,
    "n_per_class": 32,
    "temperature": 0.2,
    "classifier_epochs": 60,
    "classifier_lr": 0.001,
    "classifier_patience": 20,
    "classifier_min_epochs": 20,
    "finetune_epochs": 60,
    "finetune_lr": 0.0001,
    "finetune_patience": 20,
    "finetune_min_epochs": 20,
    "weight_decay": 0.0001,
    "threshold_calibration": false,
    "aug_mode": "none"
  }
}