{
  "Analysis": {
    "precision": 0.5147058823529411,
    "recall": 0.2616822429906542,
    "f1-score": 0.3469640644361834,
    "support": 535.0
  },
  "Backdoor": {
    "precision": 0.16546762589928057,
    "recall": 0.24678111587982832,
    "f1-score": 0.19810508182601205,
    "support": 466.0
  },
  "DoS": {
    "precision": 0.374853572823116,
    "recall": 0.5869764597982269,
    "f1-score": 0.4575241272488979,
    "support": 3271.0
  },
  "Exploits": {
    "precision": 0.7601918465227818,
    "recall": 0.6763615946097697,
    "f1-score": 0.7158307582600428,
    "support": 8905.0
  },
  "Fuzzers": {
    "precision": 0.910355486862442,
    "recall": 0.8502784079191585,
    "f1-score": 0.8792919599061634,
    "support": 4849.0
  },
  "Generic": {
    "precision": 0.9965302581896112,
    "recall": 0.9765,
    "f1-score": 0.9864134552250113,
    "support": 10000.0
  },
  "Normal": {
    "precision": 0.9997973246858533,
    "recall": 0.9866,
    "f1-score": 0.9931548218240387,
    "support": 20000.0
  },
  "Reconnaissance": {
    "precision": 0.9011484823625923,
    "recall": 0.7852037169406719,
    "f1-score": 0.8391902215431627,
    "support": 2798.0
  },
  "Shellcode": {
    "precision": 0.46194690265486726,
    "recall": 0.8642384105960265,
    "f1-score": 0.6020761245674741,
    "support": 302.0
  },
  "Worms": {
    "precision": 0.34146341463414637,
    "recall": 0.8,
    "f1-score": 0.47863247863247865,
    "support": 35.0
  },
  "accuracy": 0.8659721272062704,
  "macro avg": {
    "precision": 0.6426460796987632,
    "recall": 0.7034621948734336,
    "f1-score": 0.6497183093469465,
    "support": 51161.0
  },
  "weighted avg": {
    "precision": 0.887327563180769,
    "recall": 0.8659721272062704,
    "f1-score": 0.8734490751491618,
    "support": 51161.0
  }
}