{
  "run_name": "exp21_ftt_direct",
  "backbone": "fttransformer",
  "model": "ContrastiveFTTransformer",
  "n_features": 25,
  "n_classes": 10,
  "loss": "cb_focal",
  "accuracy": 0.8659721272062704,
  "macro_f1": 0.6497183093469465,
  "per_class_f1": {
    "Analysis": 0.3469640644361834,
    "Backdoor": 0.19810508182601205,
    "DoS": 0.4575241272488979,
    "Exploits": 0.7158307582600428,
    "Fuzzers": 0.8792919599061634,
    "Generic": 0.9864134552250113,
    "Normal": 0.9931548218240387,
    "Reconnaissance": 0.8391902215431627,
    "Shellcode": 0.6020761245674741,
    "Worms": 0.47863247863247865
  },
  "training_time_seconds": 8034.6,
  "config": {
    "contrastive": true,
    "backbone": "fttransformer",
    "d_model": 128,
    "n_layers": 4,
    "n_heads": 8,
    "attn_dropout": 0.1,
    "embed_dim": 128,
    "contrastive_epochs": 0,
    "contrastive_lr": 0.0005,
    "contrastive_patience": 15,
    "contrastive_min_epochs": 20,
    "n_per_class": 8,
    "temperature": 0.07,
    "classifier_epochs": 150,
    "classifier_lr": 0.0005,
    "classifier_patience": 25,
    "classifier_min_epochs": 40,
    "finetune_epochs": 150,
    "finetune_lr": 5e-05,
    "finetune_patience": 35,
    "finetune_min_epochs": 60,
    "weight_decay": 0.0001,
    "threshold_calibration": false,
    "aug_mode": "none"
  }
}