{
  "Analysis": {
    "precision": 0.5320754716981132,
    "recall": 0.2635514018691589,
    "f1-score": 0.3525,
    "support": 535.0
  },
  "Backdoor": {
    "precision": 0.1532258064516129,
    "recall": 0.2446351931330472,
    "f1-score": 0.1884297520661157,
    "support": 466.0
  },
  "DoS": {
    "precision": 0.36820710312366284,
    "recall": 0.5261387954753898,
    "f1-score": 0.4332284455632473,
    "support": 3271.0
  },
  "Exploits": {
    "precision": 0.7384231773925434,
    "recall": 0.6983717012914094,
    "f1-score": 0.7178392104807526,
    "support": 8905.0
  },
  "Fuzzers": {
    "precision": 0.9086104382294649,
    "recall": 0.8508970921839555,
    "f1-score": 0.8788072417465389,
    "support": 4849.0
  },
  "Generic": {
    "precision": 0.9965299040620534,
    "recall": 0.9764,
    "f1-score": 0.9863622588140216,
    "support": 10000.0
  },
  "Normal": {
    "precision": 0.9998986418001217,
    "recall": 0.9865,
    "f1-score": 0.9931541326890164,
    "support": 20000.0
  },
  "Reconnaissance": {
    "precision": 0.9119496855345912,
    "recall": 0.7773409578270193,
    "f1-score": 0.839282268956203,
    "support": 2798.0
  },
  "Shellcode": {
    "precision": 0.4819047619047619,
    "recall": 0.8377483443708609,
    "f1-score": 0.6118500604594922,
    "support": 302.0
  },
  "Worms": {
    "precision": 0.3333333333333333,
    "recall": 0.7142857142857143,
    "f1-score": 0.45454545454545453,
    "support": 35.0
  },
  "accuracy": 0.8652684662144994,
  "macro avg": {
    "precision": 0.6424158323530258,
    "recall": 0.6875869200436556,
    "f1-score": 0.6455998825320841,
    "support": 51161.0
  },
  "weighted avg": {
    "precision": 0.8837608422166957,
    "recall": 0.8652684662144994,
    "f1-score": 0.8722051041630953,
    "support": 51161.0
  }
}