{
  "Analysis": {
    "precision": 0.009163346613545816,
    "recall": 0.033973412112259974,
    "f1-score": 0.014433636648886099,
    "support": 677.0
  },
  "Backdoor": {
    "precision": 0.055036855036855035,
    "recall": 0.19210977701543738,
    "f1-score": 0.0855614973262032,
    "support": 583.0
  },
  "DoS": {
    "precision": 0.3247432306255836,
    "recall": 0.42528735632183906,
    "f1-score": 0.368276154171961,
    "support": 4089.0
  },
  "Exploits": {
    "precision": 0.7040111940298508,
    "recall": 0.6779554437657205,
    "f1-score": 0.6907376899139667,
    "support": 11132.0
  },
  "Fuzzers": {
    "precision": 0.2668766493572827,
    "recall": 0.5171560541075553,
    "f1-score": 0.35206917850525016,
    "support": 6062.0
  },
  "Generic": {
    "precision": 0.9976512999781516,
    "recall": 0.9678872343807959,
    "f1-score": 0.9825439091960515,
    "support": 18871.0
  },
  "Normal": {
    "precision": 0.971420919733721,
    "recall": 0.6862432432432433,
    "f1-score": 0.8043016883651684,
    "support": 37000.0
  },
  "Reconnaissance": {
    "precision": 0.8984423676012461,
    "recall": 0.8249427917620137,
    "f1-score": 0.860125260960334,
    "support": 3496.0
  },
  "Shellcode": {
    "precision": 0.17,
    "recall": 0.9444444444444444,
    "f1-score": 0.288135593220339,
    "support": 378.0
  },
  "Worms": {
    "precision": 0.17703349282296652,
    "recall": 0.8409090909090909,
    "f1-score": 0.2924901185770751,
    "support": 44.0
  },
  "accuracy": 0.7225623087013555,
  "macro avg": {
    "precision": 0.4574379355799203,
    "recall": 0.61109088480624,
    "f1-score": 0.47386747268852353,
    "support": 82332.0
  },
  "weighted avg": {
    "precision": 0.8356808981364421,
    "recall": 0.7225623087013555,
    "f1-score": 0.7629913248227257,
    "support": 82332.0
  }
}