{
  "Analysis": {
    "precision": 0.3967828418230563,
    "recall": 0.2766355140186916,
    "f1-score": 0.32599118942731276,
    "support": 535.0
  },
  "Backdoor": {
    "precision": 0.13914373088685014,
    "recall": 0.19527896995708155,
    "f1-score": 0.1625,
    "support": 466.0
  },
  "DoS": {
    "precision": 0.3701778932640416,
    "recall": 0.566187710180373,
    "f1-score": 0.4476673918298284,
    "support": 3271.0
  },
  "Exploits": {
    "precision": 0.7485854858548585,
    "recall": 0.6834362717574396,
    "f1-score": 0.7145289110654535,
    "support": 8905.0
  },
  "Fuzzers": {
    "precision": 0.9076287763529668,
    "recall": 0.8612084965972365,
    "f1-score": 0.8838095238095238,
    "support": 4849.0
  },
  "Generic": {
    "precision": 0.9959208647766673,
    "recall": 0.9766,
    "f1-score": 0.9861658083409068,
    "support": 10000.0
  },
  "Normal": {
    "precision": 0.9997973349546537,
    "recall": 0.98665,
    "f1-score": 0.9931801595490349,
    "support": 20000.0
  },
  "Reconnaissance": {
    "precision": 0.8932790224032586,
    "recall": 0.7837741243745533,
    "f1-score": 0.8349514563106796,
    "support": 2798.0
  },
  "Shellcode": {
    "precision": 0.6171428571428571,
    "recall": 0.7152317880794702,
    "f1-score": 0.6625766871165644,
    "support": 302.0
  },
  "Worms": {
    "precision": 0.34615384615384615,
    "recall": 0.5142857142857142,
    "f1-score": 0.41379310344827586,
    "support": 35.0
  },
  "accuracy": 0.8654834737397628,
  "macro avg": {
    "precision": 0.6414612653613057,
    "recall": 0.655928858925056,
    "f1-score": 0.642516423089758,
    "support": 51161.0
  },
  "weighted avg": {
    "precision": 0.8836469176701965,
    "recall": 0.8654834737397628,
    "f1-score": 0.8725192827795814,
    "support": 51161.0
  }
}