{
  "before_contrastive": -0.012583226896822453,
  "after_contrastive": 0.572126567363739,
  "after_finetuning": 0.5810629725456238
}