{
  "Analysis": {
    "precision": 0.2560296846011132,
    "recall": 0.25794392523364484,
    "f1-score": 0.2569832402234637,
    "support": 535.0
  },
  "Backdoor": {
    "precision": 0.08253358925143954,
    "recall": 0.18454935622317598,
    "f1-score": 0.11405835543766578,
    "support": 466.0
  },
  "DoS": {
    "precision": 0.3388668350775893,
    "recall": 0.2870681748700703,
    "f1-score": 0.31082423038728896,
    "support": 3271.0
  },
  "Exploits": {
    "precision": 0.662836992378569,
    "recall": 0.6543514879281302,
    "f1-score": 0.6585669077757685,
    "support": 8905.0
  },
  "Fuzzers": {
    "precision": 0.7770713292271011,
    "recall": 0.8065580532068468,
    "f1-score": 0.7915401740538353,
    "support": 4849.0
  },
  "Generic": {
    "precision": 0.9958944883506107,
    "recall": 0.9703,
    "f1-score": 0.9829306589677353,
    "support": 10000.0
  },
  "Normal": {
    "precision": 0.9971112913034664,
    "recall": 0.98375,
    "f1-score": 0.9903855834088392,
    "support": 20000.0
  },
  "Reconnaissance": {
    "precision": 0.831989247311828,
    "recall": 0.6636883488205861,
    "f1-score": 0.7383697813121273,
    "support": 2798.0
  },
  "Shellcode": {
    "precision": 0.29471890971039183,
    "recall": 0.5728476821192053,
    "f1-score": 0.3892013498312711,
    "support": 302.0
  },
  "Worms": {
    "precision": 0.03328509406657019,
    "recall": 0.6571428571428571,
    "f1-score": 0.06336088154269973,
    "support": 35.0
  },
  "accuracy": 0.8274271417681437,
  "macro avg": {
    "precision": 0.527033746127868,
    "recall": 0.6038199885544516,
    "f1-score": 0.5296221162940695,
    "support": 51161.0
  },
  "weighted avg": {
    "precision": 0.8458337201486235,
    "recall": 0.8274271417681437,
    "f1-score": 0.8352611021471257,
    "support": 51161.0
  }
}