{
  "run_name": "exp22_hybrid_direct",
  "backbone": "cnn_bilstm_se",
  "model": "ContrastiveCNNBiLSTMSE",
  "n_features": 25,
  "n_classes": 10,
  "loss": "cb_focal",
  "accuracy": 0.8274271417681437,
  "macro_f1": 0.5296221162940695,
  "per_class_f1": {
    "Analysis": 0.2569832402234637,
    "Backdoor": 0.11405835543766578,
    "DoS": 0.31082423038728896,
    "Exploits": 0.6585669077757685,
    "Fuzzers": 0.7915401740538353,
    "Generic": 0.9829306589677353,
    "Normal": 0.9903855834088392,
    "Reconnaissance": 0.7383697813121273,
    "Shellcode": 0.3892013498312711,
    "Worms": 0.06336088154269973
  },
  "training_time_seconds": 3410.0,
  "config": {
    "contrastive": true,
    "backbone": "cnn_bilstm_se",
    "d_model": 64,
    "n_layers": 2,
    "n_heads": 4,
    "attn_dropout": 0.1,
    "embed_dim": 128,
    "contrastive_epochs": 0,
    "contrastive_lr": 0.0005,
    "contrastive_patience": 15,
    "contrastive_min_epochs": 20,
    "n_per_class": 8,
    "temperature": 0.07,
    "classifier_epochs": 150,
    "classifier_lr": 0.0005,
    "classifier_patience": 25,
    "classifier_min_epochs": 40,
    "finetune_epochs": 150,
    "finetune_lr": 5e-05,
    "finetune_patience": 35,
    "finetune_min_epochs": 60,
    "weight_decay": 0.0001,
    "threshold_calibration": false,
    "aug_mode": "none"
  }
}