{
  "Analysis": {
    "precision": 0.39690721649484534,
    "recall": 0.28785046728971964,
    "f1-score": 0.333694474539545,
    "support": 535.0
  },
  "Backdoor": {
    "precision": 0.15846994535519127,
    "recall": 0.18669527896995708,
    "f1-score": 0.17142857142857143,
    "support": 466.0
  },
  "DoS": {
    "precision": 0.36721991701244816,
    "recall": 0.5952308162641394,
    "f1-score": 0.45421672693339554,
    "support": 3271.0
  },
  "Exploits": {
    "precision": 0.7627888860036354,
    "recall": 0.6597417181358787,
    "f1-score": 0.7075329680255315,
    "support": 8905.0
  },
  "Fuzzers": {
    "precision": 0.9024496937882764,
    "recall": 0.8508970921839555,
    "f1-score": 0.8759155079078654,
    "support": 4849.0
  },
  "Generic": {
    "precision": 0.9950071326676176,
    "recall": 0.9765,
    "f1-score": 0.98566670031291,
    "support": 10000.0
  },
  "Normal": {
    "precision": 0.9999493209000608,
    "recall": 0.98655,
    "f1-score": 0.993204469948656,
    "support": 20000.0
  },
  "Reconnaissance": {
    "precision": 0.8809806247528668,
    "recall": 0.7962830593280915,
    "f1-score": 0.8364933358363056,
    "support": 2798.0
  },
  "Shellcode": {
    "precision": 0.4898785425101215,
    "recall": 0.8013245033112583,
    "f1-score": 0.6080402010050251,
    "support": 302.0
  },
  "Worms": {
    "precision": 0.35443037974683544,
    "recall": 0.8,
    "f1-score": 0.49122807017543857,
    "support": 35.0
  },
  "accuracy": 0.8636070444283732,
  "macro avg": {
    "precision": 0.6308081659231899,
    "recall": 0.6941072935483,
    "f1-score": 0.6457421026113244,
    "support": 51161.0
  },
  "weighted avg": {
    "precision": 0.8840791269680971,
    "recall": 0.8636070444283732,
    "f1-score": 0.8708613285316541,
    "support": 51161.0
  }
}