{
  "run_name": "exp14_contrastive_ftt",
  "backbone": "fttransformer",
  "model": "ContrastiveFTTransformer",
  "n_features": 25,
  "n_classes": 10,
  "loss": "cb_focal",
  "accuracy": 0.8636070444283732,
  "macro_f1": 0.6457421026113244,
  "per_class_f1": {
    "Analysis": 0.333694474539545,
    "Backdoor": 0.17142857142857143,
    "DoS": 0.45421672693339554,
    "Exploits": 0.7075329680255315,
    "Fuzzers": 0.8759155079078654,
    "Generic": 0.98566670031291,
    "Normal": 0.993204469948656,
    "Reconnaissance": 0.8364933358363056,
    "Shellcode": 0.6080402010050251,
    "Worms": 0.49122807017543857
  },
  "training_time_seconds": 3940.1,
  "config": {
    "contrastive": true,
    "backbone": "fttransformer",
    "d_model": 128,
    "n_layers": 4,
    "n_heads": 8,
    "attn_dropout": 0.1,
    "embed_dim": 128,
    "contrastive_epochs": 150,
    "contrastive_lr": 0.0001,
    "contrastive_patience": 20,
    "contrastive_min_epochs": 30,
    "n_per_class": 8,
    "temperature": 0.15,
    "classifier_epochs": 150,
    "classifier_lr": 0.0005,
    "classifier_patience": 25,
    "classifier_min_epochs": 40,
    "finetune_epochs": 150,
    "finetune_lr": 0.0001,
    "finetune_patience": 25,
    "finetune_min_epochs": 40,
    "weight_decay": 0.0001,
    "threshold_calibration": false,
    "aug_mode": "none"
  }
}