{
  "Analysis": {
    "precision": 0.016506717850287907,
    "recall": 0.06351550960118169,
    "f1-score": 0.026203534430225474,
    "support": 677.0
  },
  "Backdoor": {
    "precision": 0.0546572934973638,
    "recall": 0.5334476843910806,
    "f1-score": 0.0991551091981508,
    "support": 583.0
  },
  "DoS": {
    "precision": 0.31471456692913385,
    "recall": 0.3127904133039863,
    "f1-score": 0.3137495400466086,
    "support": 4089.0
  },
  "Exploits": {
    "precision": 0.7983391175012394,
    "recall": 0.578602227811714,
    "f1-score": 0.6709375,
    "support": 11132.0
  },
  "Fuzzers": {
    "precision": 0.2504379419970155,
    "recall": 0.6367535466842627,
    "f1-score": 0.35948777648428404,
    "support": 6062.0
  },
  "Generic": {
    "precision": 0.9990116949431724,
    "recall": 0.964177839012241,
    "f1-score": 0.981285729694747,
    "support": 18871.0
  },
  "Normal": {
    "precision": 0.994625550660793,
    "recall": 0.6102162162162162,
    "f1-score": 0.7563819095477387,
    "support": 37000.0
  },
  "Reconnaissance": {
    "precision": 0.8303670745272526,
    "recall": 0.8541189931350115,
    "f1-score": 0.8420755781161873,
    "support": 3496.0
  },
  "Shellcode": {
    "precision": 0.17775412453432676,
    "recall": 0.8835978835978836,
    "f1-score": 0.2959680992467878,
    "support": 378.0
  },
  "Worms": {
    "precision": 0.3076923076923077,
    "recall": 0.7272727272727273,
    "f1-score": 0.43243243243243246,
    "support": 44.0
  },
  "accuracy": 0.6808895690618472,
  "macro avg": {
    "precision": 0.4744106390132893,
    "recall": 0.6164493041026305,
    "f1-score": 0.47776772091971625,
    "support": 82332.0
  },
  "weighted avg": {
    "precision": 0.8547388847296095,
    "recall": 0.6808895690618472,
    "f1-score": 0.7358661649145228,
    "support": 82332.0
  }
}