{
  "Analysis": {
    "precision": 0.03188775510204082,
    "recall": 0.14771048744460857,
    "f1-score": 0.05245213742460005,
    "support": 677.0
  },
  "Backdoor": {
    "precision": 0.06275579809004093,
    "recall": 0.8679245283018868,
    "f1-score": 0.11704834605597965,
    "support": 583.0
  },
  "DoS": {
    "precision": 0.36320109439124487,
    "recall": 0.12986060161408658,
    "f1-score": 0.19131687984147,
    "support": 4089.0
  },
  "Exploits": {
    "precision": 0.812091930007835,
    "recall": 0.5586597197269134,
    "f1-score": 0.6619478445981906,
    "support": 11132.0
  },
  "Fuzzers": {
    "precision": 0.24302594713119746,
    "recall": 0.6581986143187067,
    "f1-score": 0.35498220640569395,
    "support": 6062.0
  },
  "Generic": {
    "precision": 0.9984652488489366,
    "recall": 0.9652906576228075,
    "f1-score": 0.9815977367641116,
    "support": 18871.0
  },
  "Normal": {
    "precision": 0.9975759238931577,
    "recall": 0.5894864864864865,
    "f1-score": 0.741064147866268,
    "support": 37000.0
  },
  "Reconnaissance": {
    "precision": 0.8332403792526492,
    "recall": 0.8546910755148741,
    "f1-score": 0.843829426715617,
    "support": 3496.0
  },
  "Shellcode": {
    "precision": 0.1875,
    "recall": 0.8968253968253969,
    "f1-score": 0.3101555352241537,
    "support": 378.0
  },
  "Worms": {
    "precision": 0.3225806451612903,
    "recall": 0.6818181818181818,
    "f1-score": 0.43795620437956206,
    "support": 44.0
  },
  "accuracy": 0.6647476072487004,
  "macro avg": {
    "precision": 0.48523247218783927,
    "recall": 0.6350465749673949,
    "f1-score": 0.4692350465275646,
    "support": 82332.0
  },
  "weighted avg": {
    "precision": 0.8600198996883641,
    "recall": 0.6647476072487004,
    "f1-score": 0.721911169999392,
    "support": 82332.0
  }
}