{
  "run_name": "exp07_features_cbfocal",
  "backbone": "fttransformer",
  "model": "ContrastiveFTTransformer",
  "n_features": 35,
  "n_classes": 10,
  "loss": "cb_focal",
  "accuracy": 0.6647476072487004,
  "macro_f1": 0.4692350465275646,
  "per_class_f1": {
    "Analysis": 0.05245213742460005,
    "Backdoor": 0.11704834605597965,
    "DoS": 0.19131687984147,
    "Exploits": 0.6619478445981906,
    "Fuzzers": 0.35498220640569395,
    "Generic": 0.9815977367641116,
    "Normal": 0.741064147866268,
    "Reconnaissance": 0.843829426715617,
    "Shellcode": 0.3101555352241537,
    "Worms": 0.43795620437956206
  },
  "training_time_seconds": 6506.9,
  "config": {
    "contrastive": true,
    "backbone": "fttransformer",
    "d_model": 128,
    "n_layers": 4,
    "n_heads": 8,
    "attn_dropout": 0.1,
    "embed_dim": 128,
    "contrastive_epochs": 100,
    "contrastive_lr": 0.0003,
    "contrastive_patience": 25,
    "contrastive_min_epochs": 40,
    "n_per_class": 16,
    "temperature": 0.07,
    "classifier_epochs": 60,
    "classifier_lr": 0.001,
    "classifier_patience": 20,
    "classifier_min_epochs": 20,
    "finetune_epochs": 60,
    "finetune_lr": 0.0001,
    "finetune_patience": 20,
    "finetune_min_epochs": 20,
    "weight_decay": 0.0001,
    "threshold_calibration": false,
    "aug_mode": "none"
  }
}