{
  "Analysis": {
    "precision": 0.27053140096618356,
    "recall": 0.31401869158878504,
    "f1-score": 0.2906574394463668,
    "support": 535.0
  },
  "Backdoor": {
    "precision": 0.10578842315369262,
    "recall": 0.11373390557939914,
    "f1-score": 0.10961737331954498,
    "support": 466.0
  },
  "DoS": {
    "precision": 0.3587408433973471,
    "recall": 0.5539590339345766,
    "f1-score": 0.43547224224945924,
    "support": 3271.0
  },
  "Exploits": {
    "precision": 0.7469366696762544,
    "recall": 0.6503088152723189,
    "f1-score": 0.6952815464041302,
    "support": 8905.0
  },
  "Fuzzers": {
    "precision": 0.8602378929481733,
    "recall": 0.8352237574757682,
    "f1-score": 0.8475463011405253,
    "support": 4849.0
  },
  "Generic": {
    "precision": 0.9981528989225243,
    "recall": 0.9727,
    "f1-score": 0.9852620916687769,
    "support": 10000.0
  },
  "Normal": {
    "precision": 0.9993407373599067,
    "recall": 0.9853,
    "f1-score": 0.9922707016792971,
    "support": 20000.0
  },
  "Reconnaissance": {
    "precision": 0.897907949790795,
    "recall": 0.7669764117226591,
    "f1-score": 0.8272937548188126,
    "support": 2798.0
  },
  "Shellcode": {
    "precision": 0.4172297297297297,
    "recall": 0.8178807947019867,
    "f1-score": 0.5525727069351231,
    "support": 302.0
  },
  "Worms": {
    "precision": 0.2839506172839506,
    "recall": 0.6571428571428571,
    "f1-score": 0.39655172413793105,
    "support": 35.0
  },
  "accuracy": 0.8546158206446317,
  "macro avg": {
    "precision": 0.5938817163228558,
    "recall": 0.6667244267418351,
    "f1-score": 0.6132525881799967,
    "support": 51161.0
  },
  "weighted avg": {
    "precision": 0.8758012826127975,
    "recall": 0.8546158206446317,
    "f1-score": 0.8624891315557527,
    "support": 51161.0
  }
}