{
  "run_name": "exp18_hybrid_contrastive",
  "backbone": "cnn_bilstm_se",
  "model": "ContrastiveCNNBiLSTMSE",
  "n_features": 25,
  "n_classes": 10,
  "loss": "cb_focal",
  "accuracy": 0.8546158206446317,
  "macro_f1": 0.6132525881799967,
  "per_class_f1": {
    "Analysis": 0.2906574394463668,
    "Backdoor": 0.10961737331954498,
    "DoS": 0.43547224224945924,
    "Exploits": 0.6952815464041302,
    "Fuzzers": 0.8475463011405253,
    "Generic": 0.9852620916687769,
    "Normal": 0.9922707016792971,
    "Reconnaissance": 0.8272937548188126,
    "Shellcode": 0.5525727069351231,
    "Worms": 0.39655172413793105
  },
  "training_time_seconds": 2450.5,
  "config": {
    "contrastive": true,
    "backbone": "cnn_bilstm_se",
    "d_model": 64,
    "n_layers": 2,
    "n_heads": 4,
    "attn_dropout": 0.1,
    "embed_dim": 128,
    "contrastive_epochs": 150,
    "contrastive_lr": 0.0003,
    "contrastive_patience": 30,
    "contrastive_min_epochs": 50,
    "n_per_class": 16,
    "temperature": 0.15,
    "classifier_epochs": 150,
    "classifier_lr": 0.0005,
    "classifier_patience": 25,
    "classifier_min_epochs": 40,
    "finetune_epochs": 150,
    "finetune_lr": 5e-05,
    "finetune_patience": 35,
    "finetune_min_epochs": 60,
    "weight_decay": 0.0001,
    "threshold_calibration": false,
    "aug_mode": "none"
  }
}