{
  "Analysis": {
    "precision": 0.5209125475285171,
    "recall": 0.2560747663551402,
    "f1-score": 0.3433583959899749,
    "support": 535.0
  },
  "Backdoor": {
    "precision": 0.16054421768707483,
    "recall": 0.2532188841201717,
    "f1-score": 0.1965029142381349,
    "support": 466.0
  },
  "DoS": {
    "precision": 0.41353383458646614,
    "recall": 0.1681442983797004,
    "f1-score": 0.23907846120408607,
    "support": 3271.0
  },
  "Exploits": {
    "precision": 0.6366045615162222,
    "recall": 0.8901740595171252,
    "f1-score": 0.7423327246336096,
    "support": 8905.0
  },
  "Fuzzers": {
    "precision": 0.9227097067515344,
    "recall": 0.8370798102701588,
    "f1-score": 0.8778114186851211,
    "support": 4849.0
  },
  "Generic": {
    "precision": 0.9996920234062211,
    "recall": 0.9738,
    "f1-score": 0.9865761612886885,
    "support": 10000.0
  },
  "Normal": {
    "precision": 0.9999493131937757,
    "recall": 0.9864,
    "f1-score": 0.9931284452163407,
    "support": 20000.0
  },
  "Reconnaissance": {
    "precision": 0.963302752293578,
    "recall": 0.7130092923516798,
    "f1-score": 0.8194701170671596,
    "support": 2798.0
  },
  "Shellcode": {
    "precision": 0.5475578406169666,
    "recall": 0.7052980132450332,
    "f1-score": 0.6164978292329957,
    "support": 302.0
  },
  "Worms": {
    "precision": 0.40384615384615385,
    "recall": 0.6,
    "f1-score": 0.4827586206896552,
    "support": 35.0
  },
  "accuracy": 0.8695295244424464,
  "macro avg": {
    "precision": 0.656865295142651,
    "recall": 0.638319912423901,
    "f1-score": 0.6297515088245766,
    "support": 51161.0
  },
  "weighted avg": {
    "precision": 0.874104858422402,
    "recall": 0.8695295244424464,
    "f1-score": 0.8629338759890294,
    "support": 51161.0
  }
}