{
  "run_name": "exp13_stable_contrastive",
  "backbone": "fttransformer",
  "model": "ContrastiveFTTransformer",
  "n_features": 25,
  "n_classes": 10,
  "loss": "cb_focal",
  "accuracy": 0.8695295244424464,
  "macro_f1": 0.6297515088245766,
  "per_class_f1": {
    "Analysis": 0.3433583959899749,
    "Backdoor": 0.1965029142381349,
    "DoS": 0.23907846120408607,
    "Exploits": 0.7423327246336096,
    "Fuzzers": 0.8778114186851211,
    "Generic": 0.9865761612886885,
    "Normal": 0.9931284452163407,
    "Reconnaissance": 0.8194701170671596,
    "Shellcode": 0.6164978292329957,
    "Worms": 0.4827586206896552
  },
  "training_time_seconds": 5291.6,
  "config": {
    "contrastive": true,
    "backbone": "fttransformer",
    "d_model": 128,
    "n_layers": 4,
    "n_heads": 8,
    "attn_dropout": 0.1,
    "embed_dim": 128,
    "contrastive_epochs": 150,
    "contrastive_lr": 0.0003,
    "contrastive_patience": 30,
    "contrastive_min_epochs": 60,
    "n_per_class": 16,
    "temperature": 0.07,
    "classifier_epochs": 150,
    "classifier_lr": 0.0005,
    "classifier_patience": 25,
    "classifier_min_epochs": 40,
    "finetune_epochs": 150,
    "finetune_lr": 0.0001,
    "finetune_patience": 25,
    "finetune_min_epochs": 40,
    "weight_decay": 0.0001,
    "threshold_calibration": true,
    "aug_mode": "none"
  }
}