{
  "Analysis": {
    "precision": 0.5265151515151515,
    "recall": 0.25981308411214954,
    "f1-score": 0.3479349186483104,
    "support": 535.0
  },
  "Backdoor": {
    "precision": 0.16076294277929154,
    "recall": 0.2532188841201717,
    "f1-score": 0.19666666666666666,
    "support": 466.0
  },
  "DoS": {
    "precision": 0.37186520376175547,
    "recall": 0.5802506878630388,
    "f1-score": 0.45325373134328356,
    "support": 3271.0
  },
  "Exploits": {
    "precision": 0.7553631915694392,
    "recall": 0.6761370016844469,
    "f1-score": 0.7135577150983645,
    "support": 8905.0
  },
  "Fuzzers": {
    "precision": 0.9079378963481304,
    "recall": 0.8562590224788617,
    "f1-score": 0.8813415410740819,
    "support": 4849.0
  },
  "Generic": {
    "precision": 0.9959216965742251,
    "recall": 0.9768,
    "f1-score": 0.9862681744749596,
    "support": 10000.0
  },
  "Normal": {
    "precision": 0.9996960024319805,
    "recall": 0.98655,
    "f1-score": 0.9930794976973601,
    "support": 20000.0
  },
  "Reconnaissance": {
    "precision": 0.8946508779093507,
    "recall": 0.7830593280914939,
    "f1-score": 0.8351438917476653,
    "support": 2798.0
  },
  "Shellcode": {
    "precision": 0.5222222222222223,
    "recall": 0.7781456953642384,
    "f1-score": 0.625,
    "support": 302.0
  },
  "Worms": {
    "precision": 0.352112676056338,
    "recall": 0.7142857142857143,
    "f1-score": 0.4716981132075472,
    "support": 35.0
  },
  "accuracy": 0.8654639276011024,
  "macro avg": {
    "precision": 0.6487047861167884,
    "recall": 0.6864519418000115,
    "f1-score": 0.650394424995824,
    "support": 51161.0
  },
  "weighted avg": {
    "precision": 0.8859967069596705,
    "recall": 0.8654639276011024,
    "f1-score": 0.8728231490931683,
    "support": 51161.0
  }
}