{
  "Analysis": {
    "precision": 0.009105304829770388,
    "recall": 0.033973412112259974,
    "f1-score": 0.014361536059943803,
    "support": 677.0
  },
  "Backdoor": {
    "precision": 0.06486181613085167,
    "recall": 0.19725557461406518,
    "f1-score": 0.09762308998302208,
    "support": 583.0
  },
  "DoS": {
    "precision": 0.302158273381295,
    "recall": 0.2876008804108584,
    "f1-score": 0.2946999122916928,
    "support": 4089.0
  },
  "Exploits": {
    "precision": 0.6634335596508244,
    "recall": 0.7373338124326266,
    "f1-score": 0.6984343090537781,
    "support": 11132.0
  },
  "Fuzzers": {
    "precision": 0.297148114075437,
    "recall": 0.5861101946552293,
    "f1-score": 0.39436150729785224,
    "support": 6062.0
  },
  "Generic": {
    "precision": 0.9977602971703267,
    "recall": 0.9678872343807959,
    "f1-score": 0.9825967668181941,
    "support": 18871.0
  },
  "Normal": {
    "precision": 0.9770782280867106,
    "recall": 0.7004594594594594,
    "f1-score": 0.8159622195985833,
    "support": 37000.0
  },
  "Reconnaissance": {
    "precision": 0.8942277691107644,
    "recall": 0.8197940503432495,
    "f1-score": 0.8553947172063872,
    "support": 3496.0
  },
  "Shellcode": {
    "precision": 0.2,
    "recall": 0.9047619047619048,
    "f1-score": 0.3275862068965517,
    "support": 378.0
  },
  "Worms": {
    "precision": 0.4090909090909091,
    "recall": 0.6136363636363636,
    "f1-score": 0.4909090909090909,
    "support": 44.0
  },
  "accuracy": 0.734732546276053,
  "macro avg": {
    "precision": 0.4814864271526889,
    "recall": 0.5848812886806812,
    "f1-score": 0.4971929356115097,
    "support": 82332.0
  },
  "weighted avg": {
    "precision": 0.834020884364636,
    "recall": 0.734732546276053,
    "f1-score": 0.7689152258865787,
    "support": 82332.0
  }
}