{
  "run_name": "exp03_dmodel128",
  "backbone": "fttransformer",
  "model": "ContrastiveFTTransformer",
  "n_features": 25,
  "n_classes": 10,
  "loss": "cb_focal",
  "accuracy": 0.734732546276053,
  "macro_f1": 0.4971929356115097,
  "per_class_f1": {
    "Analysis": 0.014361536059943803,
    "Backdoor": 0.09762308998302208,
    "DoS": 0.2946999122916928,
    "Exploits": 0.6984343090537781,
    "Fuzzers": 0.39436150729785224,
    "Generic": 0.9825967668181941,
    "Normal": 0.8159622195985833,
    "Reconnaissance": 0.8553947172063872,
    "Shellcode": 0.3275862068965517,
    "Worms": 0.4909090909090909
  },
  "training_time_seconds": 2363.8,
  "config": {
    "contrastive": true,
    "backbone": "fttransformer",
    "d_model": 128,
    "n_layers": 2,
    "n_heads": 8,
    "attn_dropout": 0.1,
    "embed_dim": 128,
    "contrastive_epochs": 100,
    "contrastive_lr": 0.0005,
    "contrastive_patience": 15,
    "contrastive_min_epochs": 20,
    "n_per_class": 16,
    "temperature": 0.07,
    "classifier_epochs": 60,
    "classifier_lr": 0.001,
    "classifier_patience": 20,
    "classifier_min_epochs": 20,
    "finetune_epochs": 60,
    "finetune_lr": 0.0001,
    "finetune_patience": 20,
    "finetune_min_epochs": 20,
    "weight_decay": 0.0001,
    "threshold_calibration": false,
    "aug_mode": "none"
  }
}